First_name,Last_name,Email,Password,Date_of_Birth
Shelly,Wood,adamsscott@example.org,U!88EZVyas,1922-02-07
Evan,Gomez,emilyhampton@example.com,@o59Vxxj$9,1971-09-07
Michelle,Manning,jonathanvasquez@example.com,)0pSqbAEGa,1975-10-19
Kristen,Tucker,acostajennifer@example.org,+3$BDqpN!8,1908-10-09
Rachel,Dominguez,traceyhoward@example.net,r0K(7fNq@T,1981-06-21
Joshua,Moore,susan28@example.com,r(0CPFi*VH,1938-08-29
Andrea,Ramirez,patrick64@example.net,b@0$gJVd_U,1991-06-09
Kristen,Smith,tamaramejia@example.net,X8Qpl5nF(3,2013-06-06
Lisa,Lloyd,otaylor@example.com,xG3SivYU^i,1996-08-28
Jacob,Patterson,lisabrown@example.org,R)72YKq*k#,1921-10-04
Robert,Mahoney,lray@example.org,1jlruI%p+t,1997-08-10
Marcus,Ellis,dawndurham@example.org,%8IcT#@sP5,1951-02-06
Colleen,Hall,colleentaylor@example.com,s(1WLxDcK!,1941-07-26
Autumn,Roberts,vdavis@example.com,!6BH_0*t1c,1952-05-30
William,Hamilton,elizabeth16@example.net,V!@pH4QzCh,1917-11-09
Larry,Jones,teresa28@example.com,@9F)U9kv(I,1934-06-23
Riley,Sherman,christensenmariah@example.org,)@09Egw!ID,1992-11-27
Stacey,Jones,erinaguirre@example.net,@6Sr^eSuNF,1967-04-27
Emily,Meyer,anitaruiz@example.org,a4Twj9u8#k,1956-11-07
Jennifer,Boone,tammyschaefer@example.net,G1&Wo+B@$g,1990-06-02
James,Murphy,mhudson@example.org,B@9bJkUrdK,1940-04-05
William,Brown,barbara09@example.net,1VbOYOsC)5,1990-02-24
Diana,Lopez,evansscott@example.org,(aFUdZFxT9,1939-03-24
Chase,Beck,ambermills@example.com,Tj0UkWL#r%,2011-01-02
David,Fuller,brownjason@example.net,(k!6FKc@u0,2009-03-31
Rachel,Johnson,jeremy74@example.net,Bg@#YRd1@5,2014-05-31
George,Allen,thomasjohnston@example.com,J5@nW8!C$w,1934-04-11
Timothy,Cook,matthew48@example.com,V!X8Ygf8@A,1925-02-21
Terri,Knox,anthonyhill@example.org,&u2oZUl!_X,1915-03-01
Daniel,Ramirez,cmorse@example.org,_1DjUt56o2,2008-03-04
Victor,Lopez,michael69@example.org,1PAlga!H_2,1937-12-25
Taylor,Jacobs,duffyrobert@example.com,E1N1Ulfp+M,2012-03-02
Sandra,Green,mcphersonlee@example.org,f0@SUUdg$r,1992-07-08
Christian,Woods,christinemitchell@example.org,VT2Vzy52a),2021-01-29
Kim,Elliott,ashleydecker@example.org,j9&pr!Xy!B,2004-10-17
Marie,Hernandez,codytorres@example.net,I^RJ5)FnXP,1985-09-09
George,Jones,claudiahughes@example.org,*IBTh4e64%,1955-12-28
Kimberly,Turner,kristen29@example.org,N&8RV&fc4m,1976-11-09
Matthew,Owen,victoria78@example.com,O(17Ts2zP0,1968-09-02
Brandon,Miller,gutierrezchristopher@example.net,wq72iTWv_I,1907-05-25
Jared,Wise,anthonyhall@example.net,uv5FAda21+,1915-02-23
Jennifer,Hunter,kristenevans@example.com,*t%gqIUCF8,1952-02-25
Daniel,King,millerdanielle@example.org,%5kLQ$FtP8,1934-09-19
Michael,Martinez,sdavis@example.org,HrUMch5h@2,1912-01-16
Phyllis,Carter,zbautista@example.com,$Csb6H+f84,2020-10-07
Cindy,Hicks,samantha96@example.net,_@88KLzeu1,1913-05-14
Kevin,Vance,cheryl06@example.org,HT8lOFLl!7,1973-09-24
Andrew,Flowers,reginaldrodriguez@example.com,m9#6cqEdgL,2020-06-22
Jessica,Arellano,jacobrobertson@example.net,@N6o%JMh9h,1982-11-17
Leslie,Greene,joshua22@example.net,B0KAAooh^*,1942-01-06
